作成時間,注文番号,金額（円）,ご請求金額（円）,割引（円）,還元金額（円）,プロモーション,追跡番号,サービス,目的の国,梱包タイプ,申告寸法 (cm),申告重量（kg）,申告賃率適用重量（kg）,修正後の賃率適用重量（kg）,備考
2024-10-19 16:29:32,EX1012892614086DL06020002B0N,,,,,,2564366630,eBay SpeedPAK – Ship via DHL,US,Express Worldwide -Packages (≤70 kg),97.00*16.00*14.00,1.1,4.3456,,
2024-10-19 16:15:39,EX1012892613834FE06020002B0N,,,,,,779368613081,eBay SpeedPAK – Ship via FedEx,US,International Priority - Package (≤68 kg),16.00*15.00*12.00,0.83,0.83,,
2024-10-18 17:25:42,EX1012892593728FE06020002A0N,,,,,,779346668040,eBay SpeedPAK – Ship via FedEx,US,International Priority - Pak (≤2.5 kg),46.00*10.00*7.00,0.34,0.34,,
2024-10-17 12:05:40,EX1012888030575DL06020002E0N,,,,,,1147861175,eBay SpeedPAK – Ship via DHL,US,Express Worldwide -Packages (≤70 kg),16.00*12.00*8.00,1.37,1.37,,
2024-10-14 21:10:06,EX1012887896681DL06020002B0N,"4,397","4,285",-112,0,,1289654656,eBay SpeedPAK – Ship via DHL,US,Express Worldwide -Packages (≤70 kg),27.00*24.00*23.00,1.9,2.9808,,
2024-10-14 21:03:25,EX1012887896523DL06020002B0N,"3,461","3,371",-90,0,,1092154744,eBay SpeedPAK – Ship via DHL,US,Express Worldwide -Packages (≤70 kg),45.00*35.00*5.00,2,2,,
2024-10-14 20:46:24,EX1012887896033FE06020002G0N,"3,926","3,821",-105,0,,779237242100,eBay SpeedPAK – Ship via FedEx,CA,International Priority - Pak (≤2.5 kg),35.00*32.00*9.00,1.3,1.3,,
2024-10-13 16:58:39,EX1012898897264FE06020002G0N,"2,371","2,305",-66,0,,779209726748,eBay SpeedPAK – Ship via FedEx,US,International Priority - Envelop (≤0.5 kg),21.00*17.00*5.00,0.5,0.5,,
2024-10-13 16:49:08,EX1012887859251FE06020002A0N,"3,871","3,768",-103,0,,779209684336,eBay SpeedPAK – Ship via FedEx,US,International Priority - Pak (≤2.5 kg),35.00*32.00*9.00,1.3,1.3,,
2024-10-13 16:38:20,EX1012887859052FE06020002E0N,"2,371","2,305",-66,0,,779209638440,eBay SpeedPAK – Ship via FedEx,US,International Priority - Envelop (≤0.5 kg),10.00*10.00*2.00,0.15,0.15,,
2024-10-12 14:05:36,EX1012887837949FE06020002A0N,"6,358","6,207",-151,0,,779201419302,eBay SpeedPAK – Ship via FedEx,US,International Priority - Package (≤68 kg),25.00*18.00*16.00,4.41,4.41,,
2024-10-12 13:49:08,EX1012887962492FE06020002C0N,,,,,,779201344491,eBay SpeedPAK – Ship via FedEx,US,International Priority - Envelop (≤0.5 kg),22.00*8.00*6.00,0.5,0.5,,
2024-10-12 13:41:47,EX1012887837459FE06020002C0N,"3,108","3,023",-85,0,,779201315234,eBay SpeedPAK – Ship via FedEx,US,International Priority - Package (≤68 kg),34.00*25.00*5.00,0.79,0.85,,
2024-10-11 14:56:47,EX1012883315330DL06020002A0N,,,,,,4974429736,eBay SpeedPAK – Ship via DHL,US,Express Worldwide -Packages (≤70 kg),30.00*20.00*5.00,0.79,0.79,,
2024-10-11 13:11:28,EX1012883308952FE06020002A0N,"2,726","2,651",-75,0,,779175741805,eBay SpeedPAK – Ship via FedEx,US,International Priority - Pak (≤2.5 kg),45.00*15.00*5.00,0.26,0.26,,
2024-10-11 13:04:10,EX1012883308554DL06020002E0N,"3,205","3,118",-87,0,,2096798200,eBay SpeedPAK – Ship via DHL,US,Express Worldwide -Packages (≤70 kg),10.00*7.00*7.00,1.29,1.29,,
2024-10-11 12:58:15,EX1012883308200DL06020002F0N,,,,,,9018446345,eBay SpeedPAK – Ship via DHL,US,Express Worldwide -Packages (≤70 kg),70.00*50.00*20.00,0.72,14,,
2024-10-11 12:42:43,EX1012883307199FE06020002G0N,"2,778","2,701",-77,0,,779175485780,eBay SpeedPAK – Ship via FedEx,DE,International Priority - Pak (≤2.5 kg),25.00*22.00*22.00,0.84,0.84,,
2024-10-11 12:30:56,EX1012883306325DL06020002G0N,"4,397","4,285",-112,0,,2096775586,eBay SpeedPAK – Ship via DHL,US,Express Worldwide -Packages (≤70 kg),50.00*50.00*6.00,0.3,3,,
2024-10-10 13:13:35,EX1012883265716FE06020002B0N,"2,778","2,701",-77,0,,779145271260,eBay SpeedPAK – Ship via FedEx,FR,International Priority - Pak (≤2.5 kg),8.00*8.00*5.00,0.72,0.72,,
2024-10-10 02:58:43,EX1012883248876FE06020002E0N,,,,,,779133051855,eBay SpeedPAK – Ship via FedEx,US,International Priority - Envelop (≤0.5 kg),10.00*5.00*5.00,0.07,0.07,,
2024-10-10 01:44:11,EX1012883248270FE06020002B0N,"3,950","3,845",-105,0,,779130810593,eBay SpeedPAK – Ship via FedEx,IE,International Priority - Package (≤68 kg),40.00*10.00*10.00,2,2,,
2024-10-10 01:36:20,EX1012883248231FE06020002C0N,"2,766","2,689",-77,0,,779130580856,eBay SpeedPAK – Ship via FedEx,US,International Priority - Pak (≤2.5 kg),45.00*15.00*5.00,0.26,0.26,,
2024-10-10 01:05:32,EX1012883247911FE06020002C0N,"2,409","2,342",-67,0,,779129671600,eBay SpeedPAK – Ship via FedEx,US,International Priority - Envelop (≤0.5 kg),10.00*10.00*10.00,0.08,0.08,,
2024-10-09 23:57:28,EX1012883246846FE06020002C0N,"5,620","5,481",-139,0,,779127386495,eBay SpeedPAK – Ship via FedEx,FR,International Priority - Package (≤68 kg),115.00*21.00*9.00,3.3,4.347,,
2024-10-09 05:04:57,EX1012883208514FE06020002B0N,,,,,,779101306362,eBay SpeedPAK – Ship via FedEx,US,International Priority - Envelop (≤0.5 kg),20.00*10.00*6.00,0.28,0.28,,
2024-10-08 02:45:13,EX1012883165106FE06020002B0N,"3,428","3,338",-90,0,,779066349760,eBay SpeedPAK – Ship via FedEx,FR,International Priority - Package (≤68 kg),40.00*10.00*10.00,2,2,,
2024-10-07 16:09:18,EX1012883152413DL06020002C0N,"3,205","3,118",-87,0,,8482238881,eBay SpeedPAK – Ship via DHL,US,Express Worldwide -Packages (≤70 kg),10.00*7.00*7.00,1.29,1.29,,
2024-10-06 11:55:14,EX1012877087725FE06020002C0N,"2,750","2,674",-76,0,,779036797793,eBay SpeedPAK – Ship via FedEx,US,International Priority - Pak (≤2.5 kg),30.00*25.00*5.00,0.36,0.36,,
2024-10-06 11:47:52,EX1012877087539DL06020002D0N,"4,397","4,285",-112,0,,4317564510,eBay SpeedPAK – Ship via DHL,US,Express Worldwide -Packages (≤70 kg),90.00*20.00*7.00,0.2,2.52,,
2024-10-05 01:46:05,EX1012877063044FE06020002C0N,"3,903","3,798",-105,0,,779018745812,eBay SpeedPAK – Ship via FedEx,US,International Priority - Pak (≤2.5 kg),35.00*32.00*9.00,1.3,1.3,,
2024-10-05 01:10:56,EX1012877062632FE06020002D0N,"3,291","3,200",-91,0,,779017839982,eBay SpeedPAK – Ship via FedEx,US,International Priority - Pak (≤2.5 kg),34.00*25.00*10.00,0.79,0.79,,
2024-10-05 00:34:29,EX1012877062378DL06020002F0N,"7,199","7,023",-176,0,,5181144356,eBay SpeedPAK – Ship via DHL,US,Express Worldwide -Packages (≤70 kg),40.00*15.00*10.00,5.6,5.6,,
2024-10-04 00:44:42,EX1012877023951FE06020002D0N,"3,295","3,204",-91,0,,778993355584,eBay SpeedPAK – Ship via FedEx,US,International Priority - Pak (≤2.5 kg),20.00*20.00*20.00,0.78,0.78,,
2024-10-04 00:28:49,EX1012877023684FE06020002D0N,"2,395","2,329",-66,0,,778992899396,eBay SpeedPAK – Ship via FedEx,US,International Priority - Envelop (≤0.5 kg),30.00*30.00*1.00,0.1,0.1,,
2024-10-03 02:42:11,EX1012876986036DL06020002C0N,"5,798","5,655",-143,0,,8347428670,eBay SpeedPAK – Ship via DHL,US,Express Worldwide -Packages (≤70 kg),28.00*20.00*12.00,4.41,4.41,,
2024-10-03 02:32:00,EX1012876986024DL06020002G0N,"2,308","2,242",-66,0,,8347411612,eBay SpeedPAK – Ship via DHL,BG,Express Worldwide -Packages (≤70 kg),60.00*5.00*5.00,0.3,0.3,,
2024-10-03 02:02:54,EX1012877067980DL06020002A0N,"4,397","4,285",-112,0,,8113376084,eBay SpeedPAK – Ship via DHL,US,Express Worldwide -Packages (≤70 kg),30.00*15.00*15.00,2.6,2.6,,
2024-10-03 01:43:14,EX1012876985663DL06020002D0N,"17,008","16,616",-392,0,,8113343103,eBay SpeedPAK – Ship via DHL,US,Express Worldwide -Packages (≤70 kg),30.00*30.00*13.00,13.25,13.25,,
2024-10-03 01:22:14,EX1012876985425FE06020002D0N,"2,761","2,685",-76,0,,778970029783,eBay SpeedPAK – Ship via FedEx,FR,International Priority - Pak (≤2.5 kg),8.00*8.00*5.00,0.72,0.72,,
2024-10-01 15:20:50,EX1012870930071FE06020002B0N,"2,353","2,288",-65,0,,778935173287,eBay SpeedPAK – Ship via FedEx,US,International Priority - Envelop (≤0.5 kg),20.00*20.00*5.00,0.12,0.12,,
2024-10-01 15:08:41,EX1012870929550FE06020002B0N,"2,353","2,288",-65,0,,778934503848,eBay SpeedPAK – Ship via FedEx,BE,International Priority - Envelop (≤0.5 kg),17.00*13.00*13.00,0.06,0.06,,
2024-10-01 15:02:49,EX1012870929269FE06020002A0N,"3,536","3,448",-88,0,,778934462443,eBay SpeedPAK – Ship via FedEx,US,International Priority - Package (≤68 kg),36.00*10.00*6.00,2,2,,
2024-10-01 14:48:34,EX1012870928379FE06020002G0N,"3,310","3,219",-91,0,,778934357603,eBay SpeedPAK – Ship via FedEx,US,International Priority - Pak (≤2.5 kg),35.00*18.00*10.00,0.6,0.6,,
2024-09-30 17:59:06,EX1012870895156FE06020002A0N,"2,315","2,251",-64,0,,778910353070,eBay SpeedPAK – Ship via FedEx,US,International Priority - Envelop (≤0.5 kg),30.00*20.00*10.00,0.19,0.19,,
2024-09-30 17:53:03,EX1012870894943FE06020002C0N,"2,701","2,626",-75,0,,778910089864,eBay SpeedPAK – Ship via FedEx,US,International Priority - Pak (≤2.5 kg),15.00*15.00*15.00,0.2,0.2,,
2024-09-30 17:45:54,EX1012870894812FE06020002B0N,"2,315","2,251",-64,0,,778909529891,eBay SpeedPAK – Ship via FedEx,US,International Priority - Envelop (≤0.5 kg),10.00*10.00*10.00,0.29,0.29,,
2024-09-29 15:57:11,EX1012870834076FE06020002D0N,"5,866","5,716",-150,0,,778894788488,eBay SpeedPAK – Ship via FedEx,FI,International Priority - Package (≤68 kg),40.00*30.00*15.00,0.67,3.6,,
2024-09-29 15:30:07,EX1012870833480FE06020002F0N,"3,536","3,448",-88,0,,778894567977,eBay SpeedPAK – Ship via FedEx,US,International Priority - Package (≤68 kg),36.00*10.00*6.00,2,2,,
2024-09-29 14:56:41,EX1012870832563FE06020002C0N,"6,209","6,061",-148,0,,778894300607,eBay SpeedPAK – Ship via FedEx,US,International Priority - Package (≤68 kg),28.00*20.00*12.00,4.41,4.41,,
2024-09-29 01:46:23,EX1012870820784FE06020002G0N,"2,315","2,251",-64,0,,778888929700,eBay SpeedPAK – Ship via FedEx,US,International Priority - Envelop (≤0.5 kg),22.00*8.00*6.00,0.5,0.5,,
2024-09-28 17:38:11,EX1012870813878FE06020002C0N,"3,885","3,785",-100,0,,778885685210,eBay SpeedPAK – Ship via FedEx,DE,International Priority - Package (≤68 kg),30.00*15.00*7.00,2.05,2.05,,
2024-09-28 17:29:09,EX1012870813679FE06020002B0N,"8,548","8,343",-205,0,,778885626633,eBay SpeedPAK – Ship via FedEx,US,International Priority - Package (≤68 kg),40.00*15.00*10.00,5.6,5.6,,
2024-09-28 17:22:52,EX1012870813562FE06020002B0N,"2,165","2,100",-65,0,,778885583784,eBay SpeedPAK – Ship via FedEx,US,International Priority - Envelop (≤0.5 kg),25.00*8.00*4.00,0.15,0.15,,
2024-09-27 14:51:39,EX1012870787916FE06020002G0N,"2,156","2,092",-64,0,,778860215609,eBay SpeedPAK – Ship via FedEx,US,International Priority - Envelop (≤0.5 kg),10.00*10.00*10.00,0.06,0.06,,
2024-09-27 06:37:47,EX1012870763075FE06020002G0N,"3,263","3,165",-98,0,,778854533438,eBay SpeedPAK – Ship via FedEx,US,International Priority - Package (≤68 kg),20.00*20.00*15.00,1.1,1.2,2.3,
2024-09-26 20:44:27,EX1012870754842FE06020002E0N,"2,706","2,625",-81,0,,778839878740,eBay SpeedPAK – Ship via FedEx,US,International Priority - Package (≤68 kg),8.00*8.00*5.00,0.72,0.72,,
2024-09-26 20:37:45,EX1012870754616FE06020002D0N,"2,315","2,251",-64,0,,778839800560,eBay SpeedPAK – Ship via FedEx,US,International Priority - Envelop (≤0.5 kg),20.00*5.00*5.00,0.3,0.3,,
2024-09-26 20:16:42,EX1012883175499FE06020002F0N,"2,928","2,840",-88,0,,778839559839,eBay SpeedPAK – Ship via FedEx,US,International Priority - Package (≤68 kg),20.00*10.00*5.00,0.44,0.44,2,
2024-09-26 13:20:51,EX1012870739743FE06020002E0N,"2,361","2,290",-71,0,,778833346011,eBay SpeedPAK – Ship via FedEx,NO,International Priority - Pak (≤2.5 kg),20.00*18.00*15.00,0.32,0.32,,
2024-09-26 12:17:10,EX1012870735761FE06020002F0N,"4,915","4,768",-147,0,,778832699999,eBay SpeedPAK – Ship via FedEx,US,International Priority - Package (≤68 kg),100.00*15.00*15.00,1.3,4.5,,
2024-09-25 13:12:50,EX1012864192989FE06020002D0N,"2,119","2,055",-64,0,,778806299501,eBay SpeedPAK – Ship via FedEx,US,International Priority - Envelop (≤0.5 kg),15.00*12.00*10.00,0.22,0.22,,
2024-09-24 01:31:07,EX1012864118791FE06020002G0N,"4,895","4,748",-147,0,,778764490771,eBay SpeedPAK – Ship via FedEx,US,International Priority - Package (≤68 kg),20.00*14.00*8.00,4.2,4.2,,
2024-09-24 01:12:57,EX1012864118580FE06020002F0N,"13,680","13,269",-411,0,,778763943545,eBay SpeedPAK – Ship via FedEx,US,International Priority - Package (≤68 kg),90.00*15.00*15.00,5.64,5.64,14.7,
2024-09-23 12:11:20,EX1012864094440FE06020002B0N,"2,119","2,055",-64,0,,778748146830,eBay SpeedPAK – Ship via FedEx,US,International Priority - Envelop (≤0.5 kg),13.00*10.00*9.00,0.38,0.38,0.5,
2024-09-23 03:02:56,EX1012864081070FE06020002C0N,"5,331","5,172",-159,0,,778743073200,eBay SpeedPAK – Ship via FedEx,US,International Priority - Package (≤68 kg),30.00*5.00*5.00,0.3,0.3,4.6,
2024-09-22 12:19:56,EX1012864066075FE06020002A0N,"2,504","2,429",-75,0,,778737715439,eBay SpeedPAK – Ship via FedEx,CA,International Priority - Pak (≤2.5 kg),50.00*20.00*7.00,0.2,0.2,,
2024-09-22 12:13:45,EX1012864065993FE06020002D0N,"3,283","3,185",-98,0,,778737696072,eBay SpeedPAK – Ship via FedEx,US,International Priority - Package (≤68 kg),40.00*10.00*10.00,2,2,2.2,
2024-09-22 12:05:49,EX1012864065848FE06020002A0N,"3,872","3,756",-116,0,,778737672800,eBay SpeedPAK – Ship via FedEx,US,International Priority - Package (≤68 kg),73.00*25.00*10.00,0.7,3.65,2.7,
2024-09-22 11:49:04,EX1012864065491DL06020002B0N,"10,243","9,994",-249,0,,4267705105,eBay SpeedPAK – Ship via DHL,CA,Express Worldwide -Packages (≤70 kg),100.00*15.00*15.00,0.4,4.5,8.5,
2024-09-22 11:43:18,EX1012864065440FE06020002C0N,"23,857","23,141",-716,0,,778737596481,eBay SpeedPAK – Ship via FedEx,US,International Priority - Package (≤68 kg),55.00*48.00*21.00,22,22,,
2024-09-21 13:19:20,EX1012864050579FE06020002C0N,"4,329","4,199",-130,0,,778730522783,eBay SpeedPAK – Ship via FedEx,US,International Priority - Package (≤68 kg),73.00*25.00*10.00,0.7,3.65,3.6,
2024-09-21 01:40:03,EX1012864041620FE06020002D0N,"14,096","13,673",-423,0,,778720303623,eBay SpeedPAK – Ship via FedEx,US,International Priority - Package (≤68 kg),40.00*40.00*13.00,13.25,13.25,15.3,
2024-09-20 13:45:12,EX1012857522735FE06020002E0N,"2,931","2,842",-89,0,,778707898181,eBay SpeedPAK – Ship via FedEx,IT,International Priority - Package (≤68 kg),20.00*20.00*20.00,2,2,,
2024-09-20 13:37:12,EX1012857522221FE06020002D0N,"2,156","2,092",-64,0,,778707850658,eBay SpeedPAK – Ship via FedEx,FR,International Priority - Envelop (≤0.5 kg),10.00*5.00*5.00,0.17,0.17,0.2,
2024-09-20 12:45:16,EX1012857519100FE06020002G0N,"13,441","13,038",-403,0,,778707450841,eBay SpeedPAK – Ship via FedEx,US,International Priority - Pak (≤2.5 kg),50.00*50.00*6.00,0.3,0.3,14,
2024-09-19 12:19:24,EX1012864094464FE06020002D0N,"2,931","2,842",-89,0,,778681476664,eBay SpeedPAK – Ship via FedEx,ES,International Priority - Package (≤68 kg),20.00*20.00*20.00,1.07,1.6,,
2024-09-18 02:01:32,EX1012857424606FE06020002E0N,"14,000","13,707",-293,0,,778641982475,eBay SpeedPAK – Ship via FedEx,US,International Priority - Package (≤68 kg),180.00*40.00*8.00,0.78,11.52,9.1,
2024-09-17 12:02:17,EX1012857397169FE06020002A0N,"3,296","3,198",-98,0,,778628930893,eBay SpeedPAK – Ship via FedEx,US,International Priority - Package (≤68 kg),30.00*15.00*7.00,1.99,1.99,2.3,
2024-09-16 19:35:20,EX1012857366631FE06020002E0N,"5,429","5,266",-163,0,,778609404772,eBay SpeedPAK – Ship via FedEx,US,International Priority - Package (≤68 kg),60.00*5.00*5.00,0.3,0.3,4.6,
2024-09-16 19:23:55,EX1012857366221FE06020002F0N,"2,748","2,665",-83,0,,778609286479,eBay SpeedPAK – Ship via FedEx,US,International Priority - Package (≤68 kg),8.00*8.00*5.00,0.72,0.72,0.9,
2024-09-16 18:09:08,EX1012857364346FE06020002A0N,"7,446","7,223",-223,0,,778607401200,eBay SpeedPAK – Ship via FedEx,CA,International Priority - Package (≤68 kg),20.00*20.00*20.00,2,2,7.9,
2024-09-15 17:11:42,EX1012864075320FE06020002C0N,"5,353","5,193",-160,0,,778596890875,eBay SpeedPAK – Ship via FedEx,US,International Priority - Package (≤68 kg),20.00*14.00*8.00,4.2,4.2,4.6,
2024-09-14 17:08:31,EX1002851315256DL06020002G0N,"2,962","2,874",-88,0,,1564073173,eBay SpeedPAK – Ship via DHL,US,Express Worldwide -Packages (≤70 kg),20.00*20.00*15.00,0.74,1.2,,
2024-09-14 05:29:37,EX1002851304486DL06020002B0N,"20,459","20,166",-293,0,,1819156614,eBay SpeedPAK – Ship via DHL,US,Express Worldwide -Packages (≤70 kg),70.00*50.00*8.00,1.65,5.6,10,
2024-09-14 05:21:26,EX1002851304423FE06020002A0N,"5,323","5,163",-160,0,,778579299748,eBay SpeedPAK – Ship via FedEx,FI,International Priority - Package (≤68 kg),70.00*40.00*6.00,0.6,3.36,4.4,
2024-09-13 13:12:25,EX1002851288245DL06020002C0N,"6,816","6,650",-166,0,,4233592790,eBay SpeedPAK – Ship via DHL,US,Express Worldwide -Packages (≤70 kg),97.00*16.00*14.00,1.1,4.3456,5.5,
2024-09-12 23:48:37,EX1002851268379DL06020002F0N,"4,144","4,057",-87,0,,6865115154,eBay SpeedPAK – Ship via DHL,CA,Express Worldwide -Packages (≤70 kg),15.00*15.00*8.00,1.06,1.06,1.5,
2024-09-12 15:23:13,EX1002851256325DL06020002B0N,"8,663","8,466",-197,0,,2238991156,eBay SpeedPAK – Ship via DHL,DK,Express Worldwide -Packages (≤70 kg),80.00*6.00*6.00,7.6,7.6,,
2024-09-12 15:06:37,EX1002851255819FE06020002D0N,"4,910","4,763",-147,0,,778534633923,eBay SpeedPAK – Ship via FedEx,GB,International Priority - Package (≤68 kg),20.00*20.00*13.00,4.31,4.31,4.6,
2024-09-12 13:15:57,EX1002851251478DL06020002B0N,"4,452","4,340",-112,0,,3634091845,eBay SpeedPAK – Ship via DHL,CA,Express Worldwide -Packages (≤70 kg),20.00*20.00*6.00,0.6,0.6,3,
2024-09-11 20:38:59,EX1002851230459DL06020002D0N,"4,145","4,057",-88,0,,6500255742,eBay SpeedPAK – Ship via DHL,CA,Express Worldwide -Packages (≤70 kg),15.00*15.00*8.00,1.06,1.06,,
2024-09-11 00:08:03,EX1002851197210FE06020002A0N,"6,767","6,565",-202,0,,778491249097,eBay SpeedPAK – Ship via FedEx,US,International Priority - Pak (≤2.5 kg),43.00*43.00*7.00,0.74,0.74,5.9,
2024-09-10 12:10:42,EX1002851176465DL06020002E0N,"4,913","4,801",-112,0,,6596103743,eBay SpeedPAK – Ship via DHL,US,Express Worldwide -Packages (≤70 kg),25.00*5.00*5.00,2.66,2.66,,
2024-09-09 02:25:38,EX1002845116855FE06020002G0N,"3,890","3,774",-116,0,,778446129674,eBay SpeedPAK – Ship via FedEx,US,International Priority - Package (≤68 kg),20.00*20.00*20.00,2,2,3.3,
2024-09-08 12:46:48,EX1002845096923FE06020002B0N,"2,240","2,174",-66,0,,778441849971,eBay SpeedPAK – Ship via FedEx,PL,International Priority - Envelop (≤0.5 kg),10.00*5.00*5.00,0.06,0.06,0.1,
2024-09-08 12:32:09,EX1012864098328DL06020002B0N,"2,721","2,640",-81,0,,9250237802,eBay SpeedPAK – Ship via DHL,TH,Express Worldwide -Packages (≤70 kg),65.00*23.00*7.00,0.4,2.093,1.5,
2024-09-08 04:36:44,EX1002845090433FE06020002C0N,"4,394","4,673",279,0,,778439117885,eBay SpeedPAK – Ship via FedEx,US,International Priority - Package (≤68 kg),17.00*12.00*8.00,0.76,0.76,1.2,
2024-09-07 15:53:44,EX1012857385855FE06020002A0N,"2,935","2,846",-89,0,,778433956555,eBay SpeedPAK – Ship via FedEx,US,International Priority - Package (≤68 kg),21.00*17.00*5.00,0.5,0.5,1.4,
2024-09-07 13:50:47,EX1002845081312FE06020002C0N,"4,381","4,250",-131,0,,778433273776,eBay SpeedPAK – Ship via FedEx,US,International Priority - Package (≤68 kg),70.00*50.00*20.00,0.72,14,3.9,
2024-09-06 19:08:55,EX1002845064062DL06020002F0N,"4,836","4,691",-145,0,,4032703592,eBay SpeedPAK – Ship via DHL,US,Express Worldwide -Packages (≤70 kg),20.00*14.00*8.00,4.2,4.2,4.5,
2024-09-06 18:56:30,EX1002845063898FE06020002A0N,"2,969","2,879",-90,0,,778415703498,eBay SpeedPAK – Ship via FedEx,US,International Priority - Pak (≤2.5 kg),20.00*20.00*15.00,0.52,0.52,0.8,
2024-09-06 18:43:03,EX1002845063781FE06020002G0N,"7,536","7,311",-225,0,,778415552457,eBay SpeedPAK – Ship via FedEx,US,International Priority - Package (≤68 kg),45.00*35.00*5.00,2,2,7.6,
2024-09-06 05:47:23,EX1002845037861FE06020002D0N,"6,767","6,565",-202,0,,778404890459,eBay SpeedPAK – Ship via FedEx,US,International Priority - Package (≤68 kg),50.00*12.00*7.00,0.75,0.84,5.6,
2024-09-06 05:31:56,EX1002845041120FE06020002F0N,,,,,,778404510475,eBay SpeedPAK – Ship via FedEx,US,International Priority - Package (≤68 kg),50.00*15.00*15.00,1.02,2.25,,
2024-09-06 05:23:45,EX1002845037650FE06020002B0N,,,,,,778404299596,eBay SpeedPAK – Ship via FedEx,US,International Priority - Package (≤68 kg),45.00*35.00*5.00,2,2,,
2024-09-06 00:55:55,EX1002845035788FE06020002B0N,"2,974","2,884",-90,0,,778396590529,eBay SpeedPAK – Ship via FedEx,US,International Priority - Package (≤68 kg),16.00*15.00*12.00,0.8,0.8,1.4,
2024-09-05 17:53:58,EX1002845027886FE06020002D0N,,,,,,778389133519,eBay SpeedPAK – Ship via FedEx,US,International Priority - Pak (≤2.5 kg),16.00*15.00*12.00,0.8,0.8,,
2024-09-04 23:52:25,EX1012857335955FE06020002F0N,"3,806","3,691",-115,0,,778368205498,eBay SpeedPAK – Ship via FedEx,GB,International Priority - Package (≤68 kg),30.00*30.00*5.00,1.3,1.3,3.3,
2024-09-04 23:35:20,EX1002845003341FE06020002G0N,"2,969","2,879",-90,0,,778367709295,eBay SpeedPAK – Ship via FedEx,US,International Priority - Envelop (≤0.5 kg),21.00*17.00*5.00,0.5,0.5,0.8,
2024-09-04 20:53:35,EX1002844996733FE06020002F0N,"2,182","2,117",-65,0,,778364364575,eBay SpeedPAK – Ship via FedEx,US,International Priority - Envelop (≤0.5 kg),10.00*5.00*5.00,0.18,0.18,0.2,
2024-09-03 15:35:40,EX1002844952809DL06020002F0N,"4,641","4,528",-113,0,,1812442144,eBay SpeedPAK – Ship via DHL,NZ,Express Worldwide -Packages (≤70 kg),25.00*8.00*4.00,0.14,0.16,2.5,
2024-09-03 14:53:29,EX1002845041554FE06020002D0N,,,,,,778330141169,eBay SpeedPAK – Ship via FedEx,US,International Priority - Envelop (≤0.5 kg),25.00*15.00*10.00,0.2,0.2,,
2024-09-03 12:25:26,EX1002844943913FE06020002D0N,"3,376","3,275",-101,0,,778328934136,eBay SpeedPAK – Ship via FedEx,US,International Priority - Pak (≤2.5 kg),16.00*15.00*12.00,0.8,0.8,1.2,
2024-09-03 12:17:49,EX1002844943685FE06020002D0N,"3,919","3,801",-118,0,,778328840529,eBay SpeedPAK – Ship via FedEx,US,International Priority - Pak (≤2.5 kg),20.00*20.00*20.00,1.8,1.8,2.9,
2024-09-03 12:06:11,EX1002845092609DL06020002A0N,"5,193","5,037",-156,0,,3207245344,eBay SpeedPAK – Ship via DHL,US,Express Worldwide -Packages (≤70 kg),20.00*14.00*8.00,4.1,4.1,5,
2024-09-03 11:41:02,EX1002844942373FE06020002A0N,"4,788","4,644",-144,0,,778328407312,eBay SpeedPAK – Ship via FedEx,FI,International Priority - Pak (≤2.5 kg),20.00*7.00*4.00,2,2,2.3,
2024-09-02 12:46:26,EX1002837407263FE06020002C0N,"4,788","4,644",-144,0,,778313521934,eBay SpeedPAK – Ship via FedEx,NO,International Priority - Pak (≤2.5 kg),15.00*7.50*5.00,2,2,2.4,
2024-09-02 12:24:13,EX1002837405748FE06020002F0N,"2,182","2,117",-65,0,,778313274333,eBay SpeedPAK – Ship via FedEx,US,International Priority - Envelop (≤0.5 kg),21.00*17.00*5.00,0.45,0.45,0.5,
2024-09-02 12:16:41,EX1002837405418FE06020002E0N,"3,804","3,689",-115,0,,778313186404,eBay SpeedPAK – Ship via FedEx,FR,International Priority - Pak (≤2.5 kg),20.00*20.00*20.00,1.8,1.8,2.9,
2024-09-02 12:06:52,EX1002837404714FE06020002D0N,"7,370","7,149",-221,0,,778313073342,eBay SpeedPAK – Ship via FedEx,US,International Priority - Pak (≤2.5 kg),46.00*32.00*8.00,0.56,0.56,7.2,
2024-09-01 16:50:17,EX1002837372749FE06020002G0N,,,,,,778305855027,eBay SpeedPAK – Ship via FedEx,ES,International Priority - Package (≤68 kg),30.00*30.00*20.00,0.6,3.6,,
2024-09-01 12:43:21,EX1002837367108DL06020002A0N,"16,890","16,635",-255,0,,9290698546,eBay SpeedPAK – Ship via DHL,FI,Express Worldwide -Packages (≤70 kg),70.00*50.00*8.00,1.6,5.6,10,
2024-09-01 12:35:29,EX1002837367003FE06020002E0N,"3,430","3,326",-104,0,,778305060285,eBay SpeedPAK – Ship via FedEx,US,International Priority - Pak (≤2.5 kg),25.00*25.00*15.00,0.75,0.75,1.1,
2024-09-01 12:22:40,EX1002837366708FE06020002F0N,"3,846","3,730",-116,0,,778305017984,eBay SpeedPAK – Ship via FedEx,US,International Priority - Pak (≤2.5 kg),46.00*32.00*8.00,0.5,0.5,1.6,
2024-09-01 12:08:33,EX1002837366283DL06020002C0N,"3,045","2,954",-91,0,,9290692946,eBay SpeedPAK – Ship via DHL,US,Express Worldwide -Packages (≤70 kg),21.00*17.00*5.00,0.45,0.45,2,
2024-08-31 14:10:33,EX1002837352698DL06020002G0N,"3,045","2,954",-91,0,,4778257816,eBay SpeedPAK – Ship via DHL,US,Express Worldwide -Packages (≤70 kg),21.00*17.00*5.00,0.45,0.45,2,
2024-08-31 13:54:33,EX1002837352355FE06020002A0N,"2,969","2,879",-90,0,,778296577220,eBay SpeedPAK – Ship via FedEx,US,International Priority - Pak (≤2.5 kg),46.00*32.00*8.00,0.6,0.6,0.8,
2024-08-31 03:23:43,EX1002837344510DL06020002E0N,"6,315","6,126",-189,0,,3165046301,eBay SpeedPAK – Ship via DHL,US,Express Worldwide -Packages (≤70 kg),50.00*15.00*15.00,6,6,6.5,
2024-08-31 01:52:10,EX1002837344044FE06020002F0N,"13,162","12,768",-394,0,,778286723730,eBay SpeedPAK – Ship via FedEx,US,International Priority - Package (≤68 kg),50.00*40.00*30.00,4.5,12,12.9,
2024-08-30 23:32:51,EX1002837342810FE06020002D0N,"2,534","2,458",-76,0,,778283376744,eBay SpeedPAK – Ship via FedEx,US,International Priority - Pak (≤2.5 kg),45.00*30.00*5.00,0.2,0.2,0.5,
2024-08-30 12:55:41,EX1002837324629FE06020002E0N,"3,846","3,730",-116,0,,778273799470,eBay SpeedPAK – Ship via FedEx,US,International Priority - Pak (≤2.5 kg),40.00*15.00*15.00,0.65,0.65,1.7,
2024-08-30 12:44:59,EX1002837324153FE06020002C0N,"2,752","2,669",-83,0,,778273701415,eBay SpeedPAK – Ship via FedEx,IS,International Priority - Envelop (≤0.5 kg),30.00*25.00*5.00,0.36,0.36,0.7,
2024-08-29 20:51:26,EX1002837305841FE06020002B0N,"2,182","2,117",-65,0,,778255498568,eBay SpeedPAK – Ship via FedEx,US,International Priority - Envelop (≤0.5 kg),10.00*5.00*5.00,0.15,0.15,0.2,
2024-08-29 20:10:12,EX1002845063014FE06020002B0N,"2,969","2,879",-90,0,,778255080716,eBay SpeedPAK – Ship via FedEx,US,International Priority - Envelop (≤0.5 kg),20.00*10.00*5.00,0.44,0.44,0.6,
2024-08-29 17:08:55,EX1002837301502FE06020002C0N,"2,170","2,106",-64,0,,778252889028,eBay SpeedPAK – Ship via FedEx,TH,International Priority - Envelop (≤0.5 kg),30.00*30.00*5.00,0.12,0.12,0.2,
2024-08-29 13:45:06,EX1002837291460FE06020002A0N,"3,806","3,692",-114,0,,778250642970,eBay SpeedPAK – Ship via FedEx,FR,International Priority - Package (≤68 kg),18.00*18.00*18.00,1.8,1.8,3.3,
2024-08-29 13:37:50,EX1002837291074FE06020002E0N,"2,469","2,395",-74,0,,778250600183,eBay SpeedPAK – Ship via FedEx,PH,International Priority - Envelop (≤0.5 kg),18.00*15.00*5.00,0.45,0.45,0.5,
2024-08-29 13:29:22,EX1002837290623FE06020002E0N,"2,200","2,134",-66,0,,778250548715,eBay SpeedPAK – Ship via FedEx,US,International Priority - Envelop (≤0.5 kg),13.00*13.00*7.00,0.25,0.25,0.5,
2024-08-29 13:25:27,EX1002837290412FE06020002G0N,"3,009","2,918",-91,0,,778250515128,eBay SpeedPAK – Ship via FedEx,US,International Priority - Package (≤68 kg),20.00*20.00*10.00,0.75,0.8,1.9,
2024-08-29 13:22:44,EX1002837290252FE06020002E0N,"2,961","2,873",-88,0,,778250496070,eBay SpeedPAK – Ship via FedEx,IT,International Priority - Package (≤68 kg),100.00*5.00*3.00,0.5,0.5,1.3,
2024-08-29 13:11:11,EX1012857427832FE06020002A0N,"2,145","2,080",-65,0,,778250427894,eBay SpeedPAK – Ship via FedEx,US,International Priority - Envelop (≤0.5 kg),10.00*5.00*5.00,0.15,0.15,0.2,
2024-08-29 13:00:05,EX1002837289569FE06020002G0N,"3,806","3,692",-114,0,,778250352150,eBay SpeedPAK – Ship via FedEx,FR,International Priority - Package (≤68 kg),18.00*18.00*18.00,1.8,1.8,3.4,
2024-08-29 12:57:09,EX1002845006909FE06020002G0N,"4,889","4,743",-146,0,,778250329184,eBay SpeedPAK – Ship via FedEx,US,International Priority - Package (≤68 kg),45.00*28.00*13.00,4.2,4.2,4.2,
2024-08-29 12:53:59,EX1002837289321FE06020002C0N,"4,994","4,844",-150,0,,778250304309,eBay SpeedPAK – Ship via FedEx,US,International Priority - Package (≤68 kg),25.00*23.00*18.00,4.15,4.15,4.5,
2024-08-29 12:42:46,EX1002837288972FE06020002C0N,"2,200","2,134",-66,0,,778250215152,eBay SpeedPAK – Ship via FedEx,US,International Priority - Envelop (≤0.5 kg),19.00*15.00*5.00,0.45,0.45,0.5,
2024-08-29 12:34:59,EX1002837288628FE06020002F0N,"3,323","3,223",-100,0,,778250142304,eBay SpeedPAK – Ship via FedEx,US,International Priority - Package (≤68 kg),15.00*10.00*10.00,0.9,0.9,2.3,
2024-08-29 12:29:58,EX1002837288416FE06020002A0N,"4,989","4,839",-150,0,,778250090895,eBay SpeedPAK – Ship via FedEx,NL,International Priority - Package (≤68 kg),25.00*15.00*15.00,5,5,5,
2024-08-27 14:45:53,EX1002829226038FE06020002F0N,"4,473","4,338",-135,0,,778201361535,eBay SpeedPAK – Ship via FedEx,US,International Priority - Package (≤68 kg),30.00*30.00*7.00,1.3,1.3,3.6,
2024-08-26 13:24:58,EX1002829180704FE06020002D0N,"3,323","3,223",-100,0,,778175419176,eBay SpeedPAK – Ship via FedEx,US,International Priority - Package (≤68 kg),45.00*10.00*7.00,0.7,0.7,2.4,
2024-08-25 09:36:32,EX1002829135793FE06020002C0N,"4,928","4,780",-148,0,,778166045752,eBay SpeedPAK – Ship via FedEx,US,International Priority - Package (≤68 kg),90.00*13.00*10.00,1,2.34,4.5,
2024-08-25 09:30:58,EX1002829135728FE06020002C0N,,,,,,778166035512,eBay SpeedPAK – Ship via FedEx,US,International Priority - Pak (≤2.5 kg),45.00*30.00*5.00,0.2,0.2,,
2024-08-25 09:22:07,EX1002851229714FE06020002B0N,"3,009","2,918",-91,0,,778166015392,eBay SpeedPAK – Ship via FedEx,US,International Priority - Package (≤68 kg),20.00*20.00*10.00,0.8,0.8,1.8,
2024-08-25 09:18:07,EX1002829135400FE06020002F0N,"6,932","6,723",-209,0,,778166010107,eBay SpeedPAK – Ship via FedEx,CA,International Priority - Pak (≤2.5 kg),40.00*40.00*5.00,0.25,0.25,5.6,
2024-08-25 09:14:58,EX1002837366599FE06020002D0N,"5,516","5,351",-165,0,,778166004329,eBay SpeedPAK – Ship via FedEx,US,International Priority - Package (≤68 kg),105.00*15.00*7.00,3.25,3.25,4.9,
2024-08-25 09:10:51,EX1002829135344FE06020002G0N,"4,473","4,338",-135,0,,778165996707,eBay SpeedPAK – Ship via FedEx,US,International Priority - Package (≤68 kg),40.00*15.00*12.00,2.5,2.5,3.8,
2024-08-23 14:53:17,EX1002829103611FE06020002G0N,"3,837","3,721",-116,0,,778139746581,eBay SpeedPAK – Ship via FedEx,FR,International Priority - Package (≤68 kg),18.00*18.00*18.00,2,2,3.2,
2024-08-23 14:45:09,EX1002829103424FE06020002A0N,"9,821","9,656",-165,0,,778139663960,eBay SpeedPAK – Ship via FedEx,US,International Priority - Package (≤68 kg),65.00*13.00*13.00,0.8,2.197,4.9,
2024-08-22 15:48:44,EX1002829066875FE06020002B0N,"1,901","1,844",-57,0,,778117075871,eBay SpeedPAK – Ship via FedEx,HK,International Priority - Envelop (≤0.5 kg),17.00*13.00*13.00,0.06,0.06,0.1,
2024-08-22 15:43:00,EX1002829066652FE06020002G0N,"3,336",331,-98,"-2,907",,778116942352,eBay SpeedPAK – Ship via FedEx,CA,International Priority - Package (≤68 kg),18.00*6.00*4.00,2,2,2.1,
2024-08-21 15:46:59,EX1002821531146FE06020002A0N,"4,416","4,284",-132,0,,778092361615,eBay SpeedPAK – Ship via FedEx,US,International Priority - Package (≤68 kg),38.00*13.00*13.00,0.65,1.284,4,
2024-08-20 20:26:06,EX1002821500949FE06020002E0N,"2,515","2,440",-75,0,,778072378722,eBay SpeedPAK – Ship via FedEx,US,International Priority - Pak (≤2.5 kg),40.00*25.00*9.00,0.1,0.1,0.5,
2024-08-20 16:56:54,EX1002821493222FE06020002B0N,"11,875","11,554",-321,0,,778069966626,eBay SpeedPAK – Ship via FedEx,DE,International Priority - Package (≤68 kg),46.00*43.00*17.00,0.6,6.725,12.3,
2024-08-20 16:42:57,EX1002821492926FE06020002C0N,"2,980",0,-89,"-2,891",,778069772096,eBay SpeedPAK – Ship via FedEx,US,International Priority - Pak (≤2.5 kg),23.00*23.00*13.00,0.8,0.8,1,
2024-08-17 12:21:02,EX1002837241771DL06020002B0N,,,,,,6000554781,eBay SpeedPAK – Ship via DHL,US,Express Worldwide -Packages (≤70 kg),45.00*30.00*20.00,4.5,5.4,,
2024-08-17 12:13:15,EX1002821386222FE06020002E0N,"17,291","16,864",-427,0,,778025487963,eBay SpeedPAK – Ship via FedEx,US,International Priority - Package (≤68 kg),52.00*45.00*3.00,0.9,1.404,17.1,
2024-08-17 12:08:43,EX1002821386208FE06020002A0N,"2,997","2,907",-90,0,,778025461665,eBay SpeedPAK – Ship via FedEx,US,International Priority - Package (≤68 kg),16.00*15.00*12.00,0.8,0.8,1.1,
2024-08-16 18:21:27,EX1002821367444FE06020002G0N,"2,191",0,-66,"-2,125",,778009748681,eBay SpeedPAK – Ship via FedEx,US,International Priority - Envelop (≤0.5 kg),25.00*8.00*4.00,0.05,0.05,0.1,
2024-08-16 14:55:17,EX1002821363566DL06020002A0N,"3,442","2,201",-116,"-1,125",,6679023960,eBay SpeedPAK – Ship via DHL,US,Express Worldwide -Packages (≤70 kg),40.00*35.00*20.00,1.6,5.6,2.5,
2024-08-15 15:42:51,EX1002821335934FE06020002B0N,"3,822","1,261",-107,"-2,454",,777984259211,eBay SpeedPAK – Ship via FedEx,GB,International Priority - Pak (≤2.5 kg),20.00*15.00*15.00,0.96,0.96,3.3,
2024-08-15 05:45:53,EX1002813817051FE06020002F0N,"3,402","3,301",-101,0,,777978543660,eBay SpeedPAK – Ship via FedEx,US,International Priority - Pak (≤2.5 kg),40.00*25.00*10.00,1.2,1.2,1.5,
2024-08-14 12:52:27,EX1002813796636FE06020002G0N,"3,443",452,-100,"-2,891",,777960793452,eBay SpeedPAK – Ship via FedEx,US,International Priority - Pak (≤2.5 kg),35.00*25.00*15.00,0.88,0.88,1.1,
2024-08-14 12:15:04,EX1002813795295FE06020002F0N,"3,443",0,-103,"-3,340",,777960481770,eBay SpeedPAK – Ship via FedEx,US,International Priority - Pak (≤2.5 kg),35.00*32.00*9.00,1.3,1.3,1.4,
2024-08-11 14:41:39,EX1002813714011FE06020002B0N,"2,200","2,134",-66,0,,777904114271,eBay SpeedPAK – Ship via FedEx,US,International Priority - Envelop (≤0.5 kg),15.00*10.00*10.00,0.1,0.1,0.1,
2024-08-11 13:15:05,EX1002821533984FE06020002B0N,"2,200",0,-66,"-2,134",,777903839977,eBay SpeedPAK – Ship via FedEx,US,International Priority - Envelop (≤0.5 kg),15.00*10.00*10.00,0.1,0.1,0.1,
2024-08-09 20:49:10,EX1002813687051FE06020002F0N,"3,443",0,-103,"-3,340",,777882369746,eBay SpeedPAK – Ship via FedEx,US,International Priority - Pak (≤2.5 kg),35.00*32.00*9.00,1.3,1.3,1.3,
2024-08-09 00:42:40,EX1002813661289FE06020002G0N,"4,472",324,-132,"-4,016",,777863972294,eBay SpeedPAK – Ship via FedEx,PL,International Priority - Pak (≤2.5 kg),27.00*24.00*23.00,1.9,1.9,3,
2024-08-08 21:43:14,EX1002813658063FE06020002B0N,"2,200",0,-66,"-2,134",,777860065564,eBay SpeedPAK – Ship via FedEx,US,International Priority - Envelop (≤0.5 kg),15.00*15.00*8.00,0.5,0.5,0.5,
2024-08-08 21:33:44,EX1002813657954FE06020002F0N,"3,021",-346,-93,"-3,274",,777859925859,eBay SpeedPAK – Ship via FedEx,US,International Priority - Package (≤68 kg),20.00*10.00*7.00,2.5,2.5,1.5,
2024-08-07 15:24:19,EX1002809121706FE06020002F0N,"7,642",321,-228,"-7,093",,777831956811,eBay SpeedPAK – Ship via FedEx,US,International Priority - Package (≤68 kg),68.00*5.00*5.00,7.5,7.5,8.4,
2024-08-07 15:17:53,EX1002809121479FE06020002G0N,"3,952",589,-114,"-3,249",,777831891269,eBay SpeedPAK – Ship via FedEx,US,International Priority - Package (≤68 kg),35.00*32.00*9.00,1.3,2.016,3.1,
2024-08-07 01:02:49,EX1002813706321FE06020002F0N,"2,328",0,-70,"-2,258",,777818529522,eBay SpeedPAK – Ship via FedEx,BE,International Priority - Pak (≤2.5 kg),50.00*20.00*7.00,0.2,0.2,0.2,
2024-08-06 12:14:05,EX1002809076395FE06020002D0N,"13,596","10,316",-339,"-2,941",,777805950595,eBay SpeedPAK – Ship via FedEx,US,International Priority - Package (≤68 kg),45.00*35.00*5.00,2,2,13.3,
2024-08-06 12:08:35,EX1002809076172FE06020002A0N,"3,936","1,432",-108,"-2,396",,777805904688,eBay SpeedPAK – Ship via FedEx,US,International Priority - Package (≤68 kg),55.00*5.00*5.00,0.25,0.275,3.4,
2024-08-05 16:29:41,EX1002809056904FE06020002C0N,"7,537","4,885",-193,"-2,459",,777784813302,eBay SpeedPAK – Ship via FedEx,US,International Priority - Pak (≤2.5 kg),50.00*30.00*6.00,0.4,0.4,7.8,
2024-08-05 16:29:20,EX1002809056888FE06020002G0N,,,,,,777784808141,eBay SpeedPAK – Ship via FedEx,US,International Priority - Pak (≤2.5 kg),50.00*30.00*6.00,0.4,0.4,,
2024-08-05 16:16:09,EX1002809056652FE06020002A0N,"3,032",11,-91,"-2,930",,777784582407,eBay SpeedPAK – Ship via FedEx,US,International Priority - Package (≤68 kg),60.00*20.00*6.00,0.35,1.44,1.7,
2024-08-05 16:12:44,EX1002809056533FE06020002C0N,"3,016",780,-86,"-2,150",,777784518122,eBay SpeedPAK – Ship via FedEx,US,International Priority - Envelop (≤0.5 kg),15.00*10.00*6.00,0.5,0.5,0.9,
2024-08-05 16:06:41,EX1002821507295FE06020002F0N,"3,341","-1,084",-108,"-4,317",,777784440132,eBay SpeedPAK – Ship via FedEx,US,International Priority - Package (≤68 kg),73.00*25.00*10.00,0.7,3.65,2.5,
2024-08-04 12:31:24,EX1002809016829FE06020002C0N,"2,217",0,-67,"-2,150",,777776014950,eBay SpeedPAK – Ship via FedEx,US,International Priority - Envelop (≤0.5 kg),19.00*15.00*5.00,0.5,0.5,0.5,
2024-08-04 12:21:56,EX1002809016700FE06020002D0N,"3,341",851,-94,"-2,396",,777775986041,eBay SpeedPAK – Ship via FedEx,US,International Priority - Package (≤68 kg),42.00*10.00*5.00,0.1,0.42,2.5,
2024-08-04 12:15:51,EX1002809016620FE06020002B0N,"3,013",0,-91,"-2,922",,777775968899,eBay SpeedPAK – Ship via FedEx,FR,International Priority - Package (≤68 kg),20.00*20.00*20.00,2,2,2,
2024-08-03 10:37:02,EX1002809005028FE06020002C0N,"3,936",916,-112,"-2,908",,777765782440,eBay SpeedPAK – Ship via FedEx,US,International Priority - Package (≤68 kg),33.00*31.00*8.00,1.3,1.637,3.1,
2024-08-02 13:42:54,EX1002829218918FE06020002B0N,"3,020",821,-86,"-2,113",,777747228315,eBay SpeedPAK – Ship via FedEx,US,International Priority - Envelop (≤0.5 kg),20.00*15.00*5.00,0.5,0.5,0.7,
2024-08-01 11:44:48,EX10028089584020001020002D0N,"3,375",335,-99,"-2,941",,777723539942,eBay SpeedPAK – Ship via FedEx,CA,International Priority - Package (≤68 kg),20.00*7.00*4.00,2,2,2.3,
2024-08-01 11:40:09,EX10028089582280001020002C0N,"3,354",791,-95,"-2,468",,777723494060,eBay SpeedPAK – Ship via FedEx,US,International Priority - Pak (≤2.5 kg),45.00*30.00*8.00,0.5,0.5,2.1,
2024-08-01 11:35:06,EX10028089580680001020002G0N,"2,217",0,-67,"-2,150",,777723446286,eBay SpeedPAK – Ship via FedEx,GB,International Priority - Envelop (≤0.5 kg),31.00*21.00*10.00,0.25,0.25,0.3,
2024-08-01 11:26:11,EX10028089576940001020002A0N,"6,817","3,361",-182,"-3,274",,777723365197,eBay SpeedPAK – Ship via FedEx,US,International Priority - Package (≤68 kg),35.00*32.00*9.00,1.3,2.016,5.3,
2024-08-01 11:21:41,EX10028089575360001020002F0N,"2,534",0,-75,"-2,459",,777723319647,eBay SpeedPAK – Ship via FedEx,US,International Priority - Pak (≤2.5 kg),35.00*30.00*5.00,0.4,0.4,0.4,
2024-08-01 11:15:45,EX10028089574180001020002A0N,,,,,,777723260251,eBay SpeedPAK – Ship via FedEx,US,International Priority - Package (≤68 kg),45.00*40.00*5.00,14,14,,
2024-07-31 01:44:33,EX10028089253130001020002G0N,"5,287","2,254",-111,"-2,922",,777689259010,eBay SpeedPAK – Ship via FedEx,GB,International Priority - Package (≤68 kg),20.00*20.00*20.00,2,2,3.3,
2024-07-31 01:40:35,EX10028089253010001020002B0N,"5,033","2,463",-134,"-2,436",,777689153350,eBay SpeedPAK – Ship via FedEx,US,International Priority - Package (≤68 kg),45.00*11.00*5.00,0.1,0.495,4.5,
2024-07-30 13:20:07,EX10028089126180001020002D0N,"3,996",593,-116,"-3,287",,777677213746,eBay SpeedPAK – Ship via FedEx,US,International Priority - Package (≤68 kg),35.00*32.00*9.00,1.3,2.016,2.9,
2024-07-30 13:17:02,EX10028089125760001020002G0N,"3,033",204,-89,"-2,740",,777677198385,eBay SpeedPAK – Ship via FedEx,US,International Priority - Package (≤68 kg),15.00*10.00*10.00,0.95,0.95,1.4,
2024-07-30 13:11:27,EX10028089124450001020002G0N,"3,375",335,-99,"-2,941",,777677168029,eBay SpeedPAK – Ship via FedEx,US,International Priority - Package (≤68 kg),20.00*7.00*4.00,2,2,2.2,
2024-07-30 13:06:50,EX10028089122730001020002G0N,"2,187",0,-65,"-2,122",,777677140839,eBay SpeedPAK – Ship via FedEx,US,International Priority - Envelop (≤0.5 kg),20.00*20.00*10.00,0.08,0.08,0.1,
2024-07-30 13:00:49,EX10028089121280001020002A0N,"3,027",782,-86,"-2,159",,777677100890,eBay SpeedPAK – Ship via FedEx,US,International Priority - Envelop (≤0.5 kg),33.00*16.00*14.00,0.4,0.4,0.8,
2024-07-28 22:17:08,EX10028088665890001020002A0N,"3,027",782,-86,"-2,159",,777647454430,eBay SpeedPAK – Ship via FedEx,US,International Priority - Envelop (≤0.5 kg),17.00*12.00*8.00,0.3,0.3,1,
2024-07-28 13:00:15,EX10028088543750001020002G0N,"4,813","4,569",-244,0,,3752980033,eBay SpeedPAK – Ship via DHL,CA,Express Worldwide -Packages (≤70 kg),20.00*20.00*20.00,2,2,,
2024-07-27 15:28:35,EX10028088462900001020002A0N,"21,193","18,698",-75,"-2,420",,2277021504,eBay SpeedPAK – Ship via DHL,AU,Express Worldwide -Packages (≤70 kg),65.00*2.50*2.50,0.2,0.2,,
2024-07-27 15:14:21,EX10028088462490001020002F0N,"8,127","8,018",-109,0,,777639504234,eBay SpeedPAK – Ship via FedEx,US,International Priority - Pak (≤2.5 kg),35.00*30.00*6.00,0.5,0.5,1.7,
2024-07-26 22:06:20,EX10028088395700001020002A0N,"5,580","5,413",-167,0,,7297192442,eBay SpeedPAK – Ship via DHL,AU,Express Worldwide -Packages (≤70 kg),45.00*35.00*10.00,0.4,3.15,,
2024-07-25 22:27:18,EX10028088119400001020002G0N,"20,505","20,349",-156,0,,8981783296,eBay SpeedPAK – Ship via DHL,US,Express Worldwide -Packages (≤70 kg),60.00*40.00*10.00,1.6,4.8,,
2024-07-25 21:28:51,EX10028088109430001020002B0N,,,,,,6995337145,eBay SpeedPAK – Ship via DHL,US,Express Worldwide -Packages (≤70 kg),60.00*40.00*10.00,1.6,4.8,,
2024-07-25 20:18:01,EX10028088101480001020002A0N,"14,095","13,870",-225,0,,777602497654,eBay SpeedPAK – Ship via FedEx,US,International Priority - Package (≤68 kg),60.00*20.00*12.00,7.5,7.5,7.5,
2024-07-25 20:13:58,EX10028089427840001020002F0N,"3,389","3,287",-102,0,,777602460679,eBay SpeedPAK – Ship via FedEx,US,International Priority - Package (≤68 kg),22.00*10.00*7.00,2.5,2.5,2.5,
2024-07-25 20:08:46,EX10028088100940001020002F0N,"3,922","3,813",-109,0,,777602414257,eBay SpeedPAK – Ship via FedEx,US,International Priority - Pak (≤2.5 kg),38.00*30.00*5.00,0.5,0.5,1.7,
2024-07-25 20:02:23,EX10028088100550001020002C0N,"3,996","3,883",-113,0,,777602364101,eBay SpeedPAK – Ship via FedEx,US,International Priority - Package (≤68 kg),33.00*30.00*8.00,1.3,1.584,3,
2024-07-25 19:57:57,EX10028088100160001020002A0N,"5,581","5,433",-148,0,,777602327828,eBay SpeedPAK – Ship via FedEx,US,International Priority - Package (≤68 kg),80.00*7.00*5.00,0.15,0.56,4.7,
2024-07-25 00:53:01,EX10028087901860001020002D0N,"4,474","4,208",-266,0,,4517376835,eBay SpeedPAK – Ship via DHL,AU,Express Worldwide -Packages (≤70 kg),65.00*23.00*7.00,0.35,2.093,,
2024-07-25 00:40:32,EX10028087900160001020002F0N,"2,226","2,159",-67,0,,777584400409,eBay SpeedPAK – Ship via FedEx,US,International Priority - Envelop (≤0.5 kg),18.00*16.00*1.50,0.2,0.2,0.2,
2024-07-23 13:04:54,EX10028087439120001020002A0N,"5,033","2,463",-134,"-2,436",,777552665369,eBay SpeedPAK – Ship via FedEx,US,International Priority - Package (≤68 kg),50.00*5.00*5.00,0.25,0.25,4.5,
2024-07-23 01:54:59,EX10028091122390001020002A0N,,,,,,8698793832,eBay SpeedPAK – Ship via DHL,US,Express Worldwide -Packages (≤70 kg),45.00*30.00*20.00,4.5,5.4,,
2024-07-23 01:47:19,EX10028022326440001020002A0N,"3,461","3,360",-101,0,,777540496196,eBay SpeedPAK – Ship via FedEx,IT,International Priority - Package (≤68 kg),12.00*12.00*10.00,1.9,1.9,2.4,
2024-07-23 01:41:00,EX10028022326050001020002F0N,,,,,,777540316440,eBay SpeedPAK – Ship via FedEx,US,International Priority - Pak (≤2.5 kg),43.00*13.00*10.00,0.4,0.4,,
2024-07-22 11:42:00,EX10028022120760001020002F0N,"3,039","2,953",-86,0,,777526870701,eBay SpeedPAK – Ship via FedEx,US,International Priority - Envelop (≤0.5 kg),18.00*18.00*14.00,0.45,0.45,0.6,
2024-07-22 11:31:47,EX10028087785800001020002D0N,"2,234","2,167",-67,0,,777526746862,eBay SpeedPAK – Ship via FedEx,CA,International Priority - Envelop (≤0.5 kg),33.00*23.00*8.00,0.1,0.1,0.1,
2024-07-22 11:13:17,EX10028091060010001020002D0N,"4,543","4,414",-129,0,,777526486629,eBay SpeedPAK – Ship via FedEx,US,International Priority - Package (≤68 kg),25.00*5.00*5.00,2.5,2.5,4,